{
    "Class IoU": {
        "0": 0.3535129312765774,
        "1": 0.47249853347164544,
        "2": 0.9571713745176811,
        "3": 0.8289691637540444,
        "4": 0.8893381976095365,
        "5": 0.9579469096621233,
        "6": 0.8529783492553814,
        "7": 0.9192850394838157,
        "8": 0.6511287501591253,
        "9": 0.9642855462603949,
        "10": 0.5122129011031349,
        "11": 0.934165848894049,
        "12": 0.9314410888434487,
        "13": 0.819343584093499,
        "14": 0.8943534548965558,
        "15": 0.6597854592647241,
        "16": 0.9277592863935611,
        "17": 0.7589739506912786,
        "18": 0.9365261419477541,
        "19": 0.857809121382634,
        "20": 0.942579770516028
    },
    "Frequency Weighted IoU": 0.9175841602595577,
    "Mean Accuracy": 0.8919627052658737,
    "Mean IoU": 0.8105745430227138,
    "Pixel Accuracy": 0.9526591947725476
}