{
    "Class IoU": {
        "0": 0.6213969272665034,
        "1": 0.12734300135136883,
        "2": 0.6737010195772858,
        "3": 0.7338782789077156,
        "4": 0.6762708153623176,
        "5": 0.8367917645848181,
        "6": 0.8188155973632525,
        "7": 0.6515968533595978,
        "8": 0.5911351111359306,
        "9": 0.737207777761367,
        "10": 0.8287327736800267,
        "11": 0.8818019076297202,
        "12": 0.7940384780091525,
        "13": 0.5660411716478276,
        "14": 0.7464835576705546,
        "15": 0.81105503123588,
        "16": 0.787253855758825,
        "17": 0.764923773642072,
        "18": 0.7876304873010262,
        "19": 0.8246486571547655,
        "20": 0.8654186130104704,
        "21": 0.8572475110013473,
        "22": 0.8467621704742966,
        "23": 0.8135059138110294,
        "24": 0.49149252279039457,
        "25": 0.8046498863704111,
        "26": 0.40968514520927474,
        "27": 0.7793217662660841,
        "28": 0.6568917646361823,
        "29": 0.855243918829939,
        "30": 0.4423362817691659,
        "31": 0.7015192525540577,
        "32": 0.7372920551950576,
        "33": 0.6391260396421128,
        "34": 0.5840630504901649,
        "35": 0.7285559781232472,
        "36": 0.6970321218745967,
        "37": 0.7729503506621698,
        "38": 0.780222507244152,
        "39": 0.566908294331017,
        "40": 0.5631635273440273,
        "41": 0.5374485657546539,
        "42": 0.449623014809146,
        "43": 0.5570506463462247,
        "44": 0.40115038333128206,
        "45": 0.3688189630692645,
        "46": 0.6500884109664028,
        "47": 0.5713423603027856,
        "48": 0.35446580272652584,
        "49": 0.4526704206500815,
        "50": 0.5926357232249047,
        "51": 0.0,
        "52": 0.0,
        "53": 0.48775535837939415,
        "54": 0.6820724615352282,
        "55": 0.5964388530009167,
        "56": 0.4886071264912881,
        "57": 0.5280436767903612,
        "58": 0.4492410699407461,
        "59": 0.5234615867264291,
        "60": 0.3597150545019187,
        "61": 0.7698757335428025,
        "62": 0.6955826118013866,
        "63": 0.7830075159369505,
        "64": 0.8121935771243982,
        "65": 0.717327105610848,
        "66": 0.7049016976057864,
        "67": 0.7268076142518592,
        "68": 0.721659834058229,
        "69": 0.50951466467188,
        "70": 0.7484386404380913,
        "71": 0.6145956633264853,
        "72": 0.6508660097375465,
        "73": 0.5055708847592789,
        "74": 0.6740126901622265,
        "75": 0.7307866371711764,
        "76": 0.524921443369345,
        "77": 0.0,
        "78": 0.5298099263864492,
        "79": 0.5722921824124096,
        "80": 0.8708867076318225
    },
    "Frequency Weighted IoU": 0.7907342737978668,
    "Mean Accuracy": 0.7157314032803511,
    "Mean IoU": 0.6267631621058734,
    "Pixel Accuracy": 0.877688151258102
}